{
  "hash": "e47f7055",
  "configHash": "e9dc8666",
  "lockfileHash": "3ca935eb",
  "browserHash": "724e7b88",
  "optimized": {
    "@angular/common": {
      "src": "../../../../../../node_modules/@angular/common/fesm2022/common.mjs",
      "file": "@angular_common.js",
      "fileHash": "6514e5b4",
      "needsInterop": false
    },
    "@angular/common/http": {
      "src": "../../../../../../node_modules/@angular/common/fesm2022/http.mjs",
      "file": "@angular_common_http.js",
      "fileHash": "849c9dde",
      "needsInterop": false
    },
    "@angular/core": {
      "src": "../../../../../../node_modules/@angular/core/fesm2022/core.mjs",
      "file": "@angular_core.js",
      "fileHash": "23f7f892",
      "needsInterop": false
    },
    "@angular/forms": {
      "src": "../../../../../../node_modules/@angular/forms/fesm2022/forms.mjs",
      "file": "@angular_forms.js",
      "fileHash": "5eae31c2",
      "needsInterop": false
    },
    "@angular/platform-browser": {
      "src": "../../../../../../node_modules/@angular/platform-browser/fesm2022/platform-browser.mjs",
      "file": "@angular_platform-browser.js",
      "fileHash": "af75400c",
      "needsInterop": false
    },
    "@angular/router": {
      "src": "../../../../../../node_modules/@angular/router/fesm2022/router.mjs",
      "file": "@angular_router.js",
      "fileHash": "3b281c1b",
      "needsInterop": false
    },
    "ngx-pagination": {
      "src": "../../../../../../node_modules/ngx-pagination/fesm2020/ngx-pagination.mjs",
      "file": "ngx-pagination.js",
      "fileHash": "1f4ce0e7",
      "needsInterop": false
    },
    "rxjs/operators": {
      "src": "../../../../../../node_modules/rxjs/dist/esm5/operators/index.js",
      "file": "rxjs_operators.js",
      "fileHash": "cb45fd07",
      "needsInterop": false
    }
  },
  "chunks": {
    "chunk-YMNPJTWT": {
      "file": "chunk-YMNPJTWT.js"
    },
    "chunk-LIZQPXXU": {
      "file": "chunk-LIZQPXXU.js"
    },
    "chunk-NQBKL5EW": {
      "file": "chunk-NQBKL5EW.js"
    },
    "chunk-4DNVHZMU": {
      "file": "chunk-4DNVHZMU.js"
    },
    "chunk-PWQX667U": {
      "file": "chunk-PWQX667U.js"
    },
    "chunk-4QY3CLME": {
      "file": "chunk-4QY3CLME.js"
    }
  }
}